Data,Hora,Liga,Time_Casa,Time_Visitante
15/12/2025,14:00,Trendyol Süper Lig,Fenerbahçe,Konyaspor
15/12/2025,16:45,Serie A,Roma,Como
15/12/2025,16:45,Scottish Premiership,Rangers,Hibernian
15/12/2025,17:00,Championship,Sheffield Wed,Derby
15/12/2025,17:00,Premier League,Man Utd,Bournemouth
15/12/2025,17:00,La Liga,Rayo Vallecano,Real Betis
17/12/2025,17:00,Scottish Premiership,Dundee Utd,Celtic
19/12/2025,14:00,Trendyol Süper Lig,Kocaelispor,Antalyaspor
19/12/2025,14:30,Bundesliga 2,Hertha,Bielefeld
19/12/2025,14:30,Bundesliga 2,Paderborn,Darmstadt
19/12/2025,16:30,Bundesliga,Dortmund,M'gladbach
19/12/2025,16:45,Pro League,Charleroi,Genk
19/12/2025,17:00,Championship,Swansea,Wrexham
19/12/2025,17:00,La Liga,Valencia,Mallorca
20/12/2025,08:30,Trendyol Süper Lig,Konyaspor,Kayserispor
20/12/2025,09:00,Bundesliga 2,Bochum,Karlsruhe
20/12/2025,09:00,Bundesliga 2,Fortuna,Fürth
20/12/2025,09:00,Bundesliga 2,Kaiserslautern,Magdeburg
20/12/2025,09:30,Championship,Southampton,Coventry
20/12/2025,09:30,Championship,Preston,Norwich
20/12/2025,09:30,Championship,Blackburn,Millwall
20/12/2025,09:30,Premier League,Newcastle,Chelsea
20/12/2025,10:00,La Liga,Real Oviedo,Celta
20/12/2025,11:00,Trendyol Süper Lig,Eyüpspor,Fenerbahçe
20/12/2025,11:30,Bundesliga,HSV,Frankfurt
20/12/2025,11:30,Bundesliga,Stuttgart,Hoffenheim
20/12/2025,11:30,Bundesliga,Wolfsburg,Freiburg
20/12/2025,11:30,Bundesliga,Köln,Union Berlin
20/12/2025,11:30,Bundesliga,Augsburg,Bremen
20/12/2025,12:00,Championship,QPR,Leicester
20/12/2025,12:00,Championship,Sheffield Utd,Birmingham
20/12/2025,12:00,Championship,Ipswich,Sheffield Wed
20/12/2025,12:00,Championship,Watford,Stoke
20/12/2025,12:00,Championship,Bristol City,Middlesbrough
20/12/2025,12:00,Championship,Hull,West Brom
20/12/2025,12:00,Championship,Derby,Portsmouth
20/12/2025,12:00,Championship,Charlton,Oxford Utd
20/12/2025,12:00,Premier League,Man City,West Ham
20/12/2025,12:00,Premier League,Brighton,Sunderland
20/12/2025,12:00,Premier League,Wolves,Brentford
20/12/2025,12:00,Premier League,Bournemouth,Burnley
20/12/2025,12:00,Pro League,Dender,Standard Liège
20/12/2025,12:00,Scottish Premiership,Dundee Utd,Hibernian
20/12/2025,12:00,Scottish Premiership,Motherwell,Dundee
20/12/2025,12:00,Scottish Premiership,St Mirren,Livingston
20/12/2025,12:00,Scottish Premiership,Kilmarnock,Falkirk
20/12/2025,12:15,La Liga,Levante,Real Sociedad
20/12/2025,14:00,Serie A,Lazio,Cremonese
20/12/2025,14:00,Trendyol Süper Lig,Beşiktaş,Rizespor
20/12/2025,14:15,Pro League,Westerlo,La Louvière
20/12/2025,14:30,Premier League,Tottenham,Liverpool
20/12/2025,14:30,La Liga,Osasuna,Alavés
20/12/2025,14:30,Bundesliga,Leipzig,Leverkusen
20/12/2025,16:30,Bundesliga 2,Kiel,Dresden
20/12/2025,16:45,Serie A,Juventus,Roma
20/12/2025,16:45,Pro League,USG,Zulte Waregem
20/12/2025,17:00,Premier League,Everton,Arsenal
20/12/2025,17:00,Premier League,Leeds,Crystal Palace
20/12/2025,17:00,La Liga,Real Madrid,Sevilla
21/12/2025,08:30,Serie A,Cagliari,Pisa
21/12/2025,08:30,Trendyol Süper Lig,Alanyaspor,Karagümrük
21/12/2025,09:30,Bundesliga 2,Braunschweig,Schalke
21/12/2025,09:30,Bundesliga 2,Nürnberg,Hannover
21/12/2025,09:30,Bundesliga 2,Münster,Elversberg
21/12/2025,09:30,Pro League,Club Brugge,Gent
21/12/2025,10:00,La Liga,Girona,Atl. Madrid
21/12/2025,10:30,Scottish Premiership,Hearts,Rangers
21/12/2025,11:00,Serie A,Sassuolo,Torino
21/12/2025,11:30,Bundesliga,Mainz 05,St. Pauli
21/12/2025,12:00,Pro League,St. Truidense,Mechelen
21/12/2025,12:00,Scottish Premiership,Celtic,Aberdeen
21/12/2025,12:15,La Liga,Villarreal,Barcelona
21/12/2025,13:30,Premier League,Aston Villa,Man Utd
21/12/2025,13:30,Bundesliga,Heidenheim,Bayern
21/12/2025,14:00,Serie A,Fiorentina,Udinese
21/12/2025,14:00,Trendyol Süper Lig,Galatasaray,Kasımpaşa
21/12/2025,14:00,Trendyol Süper Lig,Göztepe,Samsunspor
21/12/2025,14:30,Pro League,Royal Antwerp,Anderlecht
21/12/2025,14:30,La Liga,Elche,Rayo Vallecano
21/12/2025,15:15,Pro League,OH Leuven,Cercle Brugge
21/12/2025,16:45,Serie A,Genoa,Atalanta
21/12/2025,17:00,La Liga,Real Betis,Getafe
22/12/2025,11:00,Trendyol Süper Lig,Başakşehir,Gaziantep
22/12/2025,14:00,Trendyol Süper Lig,Gençlerbirliği,Trabzonspor
22/12/2025,17:00,Premier League,Fulham,Forest
22/12/2025,17:00,La Liga,Athletic Club,Espanyol
26/12/2025,09:30,Championship,Birmingham,Derby
26/12/2025,09:30,Pro League,Genk,Club Brugge
26/12/2025,10:00,Championship,Millwall,Ipswich
26/12/2025,12:00,Championship,Leicester,Watford
26/12/2025,12:00,Championship,Oxford Utd,Southampton
26/12/2025,12:00,Championship,Coventry,Swansea
26/12/2025,12:00,Championship,Middlesbrough,Blackburn
26/12/2025,12:00,Championship,Norwich,Charlton Propaganda
26/12/2025,12:00,Championship,West Brom,Bristol City
26/12/2025,12:00,Championship,Sheffield Wed,PaHrtuidllas Pesquisa Favoritos Perfil
26/12/2025,12:00,Championship,Stoke,Preston
26/12/2025,12:00,Championship,Portsmouth,QPR
26/12/2025,12:00,Pro League,Cercle Brugge,USG
26/12/2025,14:30,Championship,Wrexham,Sheffield Utd
26/12/2025,14:30,Pro League,Standard Liège,St. Truidense
26/12/2025,16:45,Pro League,Anderlecht,Charleroi
26/12/2025,17:00,Premier League,Man Utd,Newcastle
27/12/2025,08:30,Serie A,Parma,Fiorentina
27/12/2025,09:30,Premier League,Forest,Man City
27/12/2025,09:30,Pro League,Royal Antwerp,Zulte Waregem
27/12/2025,09:30,Scottish Premiership,Hibernian,Hearts
27/12/2025,11:00,Serie A,Lecce,Como
27/12/2025,11:00,Serie A,Torino,Cagliari
27/12/2025,12:00,Premier League,Liverpool,Wolves
27/12/2025,12:00,Premier League,Arsenal,Brighton
27/12/2025,12:00,Premier League,West Ham,Fulham
27/12/2025,12:00,Premier League,Burnley,Everton
27/12/2025,12:00,Premier League,Brentford,Bournemouth
27/12/2025,12:00,Pro League,La Louvière,OH Leuven
27/12/2025,12:00,Scottish Premiership,Livingston,Celtic
27/12/2025,12:00,Scottish Premiership,Rangers,Motherwell
27/12/2025,12:00,Scottish Premiership,Dundee,Falkirk
27/12/2025,12:00,Scottish Premiership,St Mirren,Kilmarnock
27/12/2025,14:00,Serie A,Udinese,Lazio
27/12/2025,14:15,Pro League,Mechelen,Dender
27/12/2025,14:30,Premier League,Chelsea,Aston Villa
27/12/2025,14:45,Scottish Premiership,Aberdeen,Dundee Utd
27/12/2025,16:45,Serie A,Pisa,Juventus
27/12/2025,16:45,Pro League,Gent,Westerlo Propaganda
28/12/2025,08:30,Serie A,Milan,Verona
28/12/2025,11:00,Premier League,Sunderland,Leeds
28/12/2025,11:00,Serie A,Cremonese,Napoli
28/12/2025,13:30,Premier League,Crystal Palace,Tottenham
28/12/2025,14:00,Serie A,Bologna,Sassuolo
28/12/2025,16:45,Serie A,Atalanta,Inter
29/12/2025,15:00,Championship,Coventry,Ipswich
29/12/2025,16:45,Championship,Leicester,Derby
29/12/2025,16:45,Championship,Stoke,Sheffield Utd
29/12/2025,16:45,Championship,Wrexham,Preston
29/12/2025,16:45,Championship,Norwich,Watford
29/12/2025,16:45,Championship,Middlesbrough,Hull
29/12/2025,16:45,Championship,Millwall,Bristol City
29/12/2025,16:45,Championship,West Brom,QPR
29/12/2025,16:45,Championship,Sheffield Wed,Blackburn
29/12/2025,16:45,Championship,Oxford Utd,Swansea
29/12/2025,16:45,Championship,Portsmouth,Charlton
29/12/2025,16:45,Serie A,Roma,Genoa
29/12/2025,17:15,Championship,Birmingham,Southampton
30/12/2025,16:30,Premier League,Chelsea,Bournemouth
30/12/2025,16:30,Premier League,Burnley,Newcastle
30/12/2025,16:30,Premier League,West Ham,Brighton
30/12/2025,16:30,Premier League,Forest,Everton
30/12/2025,16:45,Scottish Premiership,Rangers,St Mirren
30/12/2025,16:45,Scottish Premiership,Hibernian,Aberdeen
30/12/2025,16:45,Scottish Premiership,Livingston,Dundee Utd
30/12/2025,16:45,Scottish Premiership,Dundee,Kilmarnock Propaganda
30/12/2025,17:00,Scottish Premiership,Motherwell,Celtic
30/12/2025,17:15,Premier League,Arsenal,Aston Villa
30/12/2025,17:15,Premier League,Man Utd,Wolves
01/01/2026,09:30,Championship,Blackburn,Wrexham
01/01/2026,12:00,Championship,Southampton,Millwall
01/01/2026,12:00,Championship,Ipswich,Oxford Utd
01/01/2026,12:00,Championship,Watford,Birmingham
01/01/2026,12:00,Championship,Charlton,Coventry
01/01/2026,12:00,Championship,QPR,Norwich
01/01/2026,12:00,Championship,Derby,Middlesbrough
01/01/2026,12:00,Championship,Hull,Stoke
01/01/2026,12:00,Championship,Swansea,West Brom
01/01/2026,12:00,Championship,Bristol City,Portsmouth
01/01/2026,12:00,Championship,Preston,Sheffield Wed
01/01/2026,14:30,Championship,Sheffield Utd,Leicester
01/01/2026,14:30,Premier League,Liverpool,Leeds
01/01/2026,14:30,Premier League,Crystal Palace,Fulham
01/01/2026,17:00,Premier League,Sunderland,Man City
01/01/2026,17:00,Premier League,Brentford,Tottenham
02/01/2026,16:45,Serie A,Cagliari,Milan
02/01/2026,16:45,Ligue 1,Toulouse,Lens
02/01/2026,17:00,La Liga,Rayo Vallecano,Getafe
03/01/2026,08:30,Serie A,Como,Udinese
03/01/2026,09:30,Premier League,Aston Villa,Forest
03/01/2026,09:30,Scottish Premiership,Celtic,PaRrtaidnagsers Pesquisa Favoritos Perfil
03/01/2026,10:00,La Liga,Celta,Valencia
03/01/2026,11:00,Serie A,Sassuolo,Parma
03/01/2026,11:00,Serie A,Genoa,Pisa
03/01/2026,12:00,Premier League,Wolves,West Ham
03/01/2026,12:00,Premier League,Brighton,Burnley
03/01/2026,12:00,Scottish Premiership,Hearts,Livingston
03/01/2026,12:00,Scottish Premiership,Falkirk,Aberdeen
03/01/2026,12:00,Scottish Premiership,Kilmarnock,Hibernian
03/01/2026,12:00,Scottish Premiership,Dundee Utd,Dundee
03/01/2026,12:00,Scottish Premiership,Motherwell,St Mirren
03/01/2026,12:15,La Liga,Osasuna,Athletic Club
03/01/2026,13:00,Ligue 1,AS Monaco,Lyon
03/01/2026,14:00,Serie A,Juventus,Lecce
03/01/2026,14:30,Premier League,Bournemouth,Arsenal
03/01/2026,14:30,La Liga,Elche,Villarreal
03/01/2026,15:00,Ligue 1,Nice,Strasbourg
03/01/2026,16:45,Serie A,Atalanta,Roma
03/01/2026,17:00,La Liga,Espanyol,Barcelona
03/01/2026,17:05,Ligue 1,Lille,Rennes
04/01/2026,08:30,Serie A,Lazio,Napoli
04/01/2026,09:00,Championship,Sheffield Utd,Oxford Utd
04/01/2026,09:00,Championship,Birmingham,Coventry
04/01/2026,09:00,Championship,QPR,Sheffield Wed
04/01/2026,09:30,Premier League,Leeds,Man Utd
04/01/2026,10:00,La Liga,Sevilla,Levante
04/01/2026,11:00,Serie A,Fiorentina,Cremonese
04/01/2026,11:00,Ligue 1,Marseille,Nantes
04/01/2026,12:00,Championship,Middlesbrough,Southampton
04/01/2026,12:00,Championship,Portsmouth,Ipswich
04/01/2026,12:00,Championship,Derby,Wrexham
04/01/2026,12:00,Championship,Hull,Watford
04/01/2026,12:00,Championship,Norwich,Stoke
04/01/2026,12:00,Championship,Millwall,Swansea
04/01/2026,12:00,Championship,Bristol City,Preston
04/01/2026,12:00,Championship,Blackburn,Charlton
04/01/2026,12:00,Premier League,Fulham,Liverpool
04/01/2026,12:00,Premier League,Tottenham,Sunderland
04/01/2026,12:00,Premier League,Newcastle,Crystal Palace
04/01/2026,12:00,Premier League,Everton,Brentford
04/01/2026,12:15,La Liga,Real Madrid,Real Betis
04/01/2026,13:15,Ligue 1,Brest,Auxerre
04/01/2026,13:15,Ligue 1,Le Havre,Angers
04/01/2026,13:15,Ligue 1,Lorient,Metz
04/01/2026,14:00,Serie A,Verona,Torino
04/01/2026,14:30,Premier League,Man City,Chelsea
04/01/2026,14:30,La Liga,Mallorca,Girona
04/01/2026,14:30,La Liga,Alavés,Real Oviedo
04/01/2026,16:45,Serie A,Inter,Bologna
04/01/2026,16:45,Ligue 1,PSG,Paris
04/01/2026,17:00,La Liga,Real Sociedad,Atl. Madrid
05/01/2026,17:00,Championship,Leicester,West Brom
06/01/2026,11:00,Serie A,Pisa,Como
06/01/2026,14:00,Serie A,Lecce,Roma
06/01/2026,16:45,Serie A,Sassuolo,Juventus
06/01/2026,16:45,Scottish Premiership,Livingston,St Mirren
06/01/2026,17:00,Premier League,West Ham,Forest
06/01/2026,17:00,Scottish Premiership,Rangers,Aberdeen
07/01/2026,14:30,Serie A,Napoli,Verona
07/01/2026,14:30,Serie A,Bologna,Atalanta
07/01/2026,16:30,Premier League,Man City,Brighton
07/01/2026,16:30,Premier League,Fulham,Chelsea
07/01/2026,16:30,Premier League,Bournemouth,Tottenham
07/01/2026,16:30,Premier League,Crystal Palace,Aston Villa
07/01/2026,16:30,Premier League,Everton,Wolves
07/01/2026,16:30,Premier League,Brentford,Sunderland
07/01/2026,16:45,Serie A,Parma,Inter
07/01/2026,16:45,Serie A,Lazio,Fiorentina
07/01/2026,16:45,Serie A,Torino,Udinese
07/01/2026,17:15,Premier League,Burnley,Man Utd
07/01/2026,17:15,Premier League,Newcastle,Leeds
08/01/2026,14:30,Serie A,Cremonese,Cagliari
08/01/2026,16:45,Serie A,Milan,Genoa
08/01/2026,17:00,Premier League,Arsenal,Liverpool
09/01/2026,16:30,Bundesliga,Frankfurt,Dortmund
10/01/2026,11:00,Serie A,Como,Bologna
10/01/2026,11:00,Serie A,Udinese,Pisa
10/01/2026,11:30,Bundesliga,St. Pauli,Leipzig
10/01/2026,11:30,Bundesliga,Union Berlin,Mainz 05
10/01/2026,11:30,Bundesliga,Freiburg,HSV
10/01/2026,11:30,Bundesliga,Bremen,Hoffenheim
10/01/2026,11:30,Bundesliga,Heidenheim,Köln
10/01/2026,12:00,Scottish Premiership,Celtic,Dundee Utd
10/01/2026,12:00,Scottish Premiership,Hibernian,Motherwell
10/01/2026,12:00,Scottish Premiership,Livingston,Kilmarnock
10/01/2026,12:00,Scottish Premiership,St Mirren,Falkirk
10/01/2026,14:00,Serie A,Roma,Sassuolo
10/01/2026,14:30,Bundesliga,Leverkusen,Stuttgart
10/01/2026,16:45,Serie A,Atalanta,Torino
11/01/2026,08:30,Serie A,Lecce,Parma
11/01/2026,11:00,Serie A,Fiorentina,Milan
11/01/2026,11:00,Scottish Premiership,Dundee,Hearts
11/01/2026,11:30,Bundesliga,M'gladbach,Augsburg
11/01/2026,13:30,Bundesliga,Bayern,Wolfsburg
11/01/2026,13:30,Scottish Premiership,Aberdeen,Rangers
11/01/2026,14:00,Serie A,Verona Propaganda,Lazio
11/01/2026,16:00,La Liga,Real Oviedo,Real Betis
11/01/2026,16:00,La Liga,Sevilla,Celta
11/01/2026,16:00,La Liga,Getafe,Real Sociedad
11/01/2026,16:00,La Liga,Villarreal,Alavés
11/01/2026,16:00,La Liga,Girona,Osasuna
11/01/2026,16:00,La Liga,Valencia,Elche
11/01/2026,16:00,La Liga,Rayo Vallecano,Mallorca
11/01/2026,16:00,La Liga,Levante,Espanyol
11/01/2026,16:45,Serie A,Inter,Napoli
12/01/2026,14:30,Serie A,PaGrteidnaosa Pesquisa Favoritos Perfil,Cagliari
12/01/2026,16:45,Serie A,Juventus,Cremonese
13/01/2026,14:30,Bundesliga,Stuttgart,Frankfurt
13/01/2026,16:30,Bundesliga,Dortmund,Bremen
13/01/2026,16:30,Bundesliga,HSV,Leverkusen
13/01/2026,16:30,Bundesliga,Mainz 05,Heidenheim
14/01/2026,14:30,Serie A,Napoli,Parma
14/01/2026,14:30,Bundesliga,Wolfsburg,St. Pauli
14/01/2026,16:30,Bundesliga,Köln,Bayern
14/01/2026,16:30,Bundesliga,Leipzig,Freiburg
14/01/2026,16:30,Bundesliga,Hoffenheim,M'gladbach
14/01/2026,16:45,Serie A,Inter,Lecce
14/01/2026,16:45,Scottish Premiership,Falkirk,Celtic
14/01/2026,16:45,Scottish Premiership,Hearts,St Mirren
15/01/2026,14:30,Serie A,Verona,Bologna
15/01/2026,16:30,Bundesliga,Augsburg,Union Berlin
15/01/2026,16:45,Serie A,Como,Milan
16/01/2026,14:30,Bundesliga 2,Fortuna,Bielefeld
16/01/2026,14:30,Bundesliga 2,Braunschweig,Magdeburg
16/01/2026,15:00,Ligue 1,AS Monaco,Lorient
16/01/2026,16:30,Bundesliga,Bremen,Frankfurt
16/01/2026,16:45,Serie A,Pisa,Atalanta
16/01/2026,16:45,Pro League,Club Brugge,La Louvière
16/01/2026,17:00,Championship,West Brom,Middlesbrough
16/01/2026,17:00,Ligue 1,PSG,Lille
17/01/2026,09:00,Bundesliga 2,Nürnberg,Elversberg
17/01/2026,09:00,Bundesliga 2,Dresden,Fürth
17/01/2026,09:00,Bundesliga 2,Münster,Karlsruhe
17/01/2026,09:30,Championship,Coventry,Leicester
17/01/2026,09:30,Championship,Ipswich,Blackburn
17/01/2026,09:30,Championship,Watford,Millwall
17/01/2026,09:30,Premier League,Man Utd Propaganda,Man City
17/01/2026,11:00,Serie A,Udinese,Inter
17/01/2026,11:30,Bundesliga,Dortmund,St. Pauli
17/01/2026,11:30,Bundesliga,Hoffenheim,Leverkusen
17/01/2026,11:30,Bundesliga,HSV,M'gladbach
17/01/2026,11:30,Bundesliga,Wolfsburg,Heidenheim
17/01/2026,11:30,Bundesliga,Köln,Mainz 05
17/01/2026,12:00,Championship,Southampton,Hull
17/01/2026,12:00,Championship,Charlton,Sheffield Utd
17/01/2026,12:00,Championship,Wrexham,Norwich
17/01/2026,12:00,Championship,Stoke,QPR
17/01/2026,12:00,Championship,Preston,Derby
17/01/2026,12:00,Championship,Oxford Utd,Bristol City
17/01/2026,12:00,Championship,Sheffield Wed,Portsmouth
17/01/2026,12:00,Premier League,Liverpool,Burnley
17/01/2026,12:00,Premier League,PaCrhtiedalssea Pesquisa Favoritos Perfil,Brentford
17/01/2026,12:00,Premier League,Tottenham,West Ham
17/01/2026,12:00,Premier League,Leeds,Fulham
17/01/2026,12:00,Premier League,Sunderland,Crystal Palace
17/01/2026,12:00,Pro League,Zulte Waregem,PaGrteidnaks Pesquisa Favoritos Perfil
17/01/2026,13:00,Ligue 1,Lens,Auxerre
17/01/2026,14:00,Serie A,Napoli,Sassuolo
17/01/2026,14:15,Pro League,Westerlo,Cercle Brugge
17/01/2026,14:30,Championship,Swansea,Birmingham
17/01/2026,14:30,Premier League,Forest,Arsenal
17/01/2026,14:30,Bundesliga,Leipzig,Bayern
17/01/2026,15:00,Ligue 1,Toulouse,Nice
17/01/2026,16:30,Bundesliga 2,Hertha,Schalke
17/01/2026,16:45,Serie A,Cagliari,Juventus
17/01/2026,16:45,Pro League,USG,Mechelen
17/01/2026,17:05,Ligue 1,Angers,Marseille
18/01/2026,08:30,Serie A,Parma,Genoa
18/01/2026,09:30,Bundesliga 2,Bochum,Darmstadt
18/01/2026,09:30,Bundesliga 2,Kiel,Paderborn Propaganda
18/01/2026,09:30,Bundesliga 2,Kaiserslautern,Hannover
18/01/2026,09:30,Pro League,Gent,Anderlecht
18/01/2026,11:00,Premier League,Wolves,Newcastle
18/01/2026,11:00,Serie A,Bologna,Fiorentina
18/01/2026,11:00,Ligue 1,Strasbourg,Metz
18/01/2026,11:30,Bundesliga,Stuttgart,Union Berlin
18/01/2026,12:00,Pro League,Dender,Royal Antwerp
18/01/2026,12:00,Trendyol Süper Lig,Galatasaray,Gaziantep
18/01/2026,12:00,Trendyol Süper Lig,Alanyaspor,Fenerbahçe
18/01/2026,12:00,Trendyol Süper Lig,Beşiktaş,Kayserispor
18/01/2026,12:00,Trendyol Süper Lig,Kocaelispor,Trabzonspor
18/01/2026,12:00,Trendyol Süper Lig,Başakşehir,Karagümrük
18/01/2026,12:00,Trendyol Süper Lig,Kasımpaşa,Antalyaspor
18/01/2026,12:00,Trendyol Süper Lig,Konyaspor,Eyüpspor Propaganda
18/01/2026,12:00,Trendyol Süper Lig,Göztepe,Rizespor
18/01/2026,12:00,Trendyol Süper Lig,Gençlerbirliği,PaSratimdassunspor Pesquisa Favoritos Perfil
18/01/2026,13:15,Ligue 1,Rennes,Le Havre
18/01/2026,13:15,Ligue 1,Nantes,Paris
18/01/2026,13:30,Premier League,Aston Villa,Everton
18/01/2026,13:30,Premier League,Aston Villa,Everton
18/01/2026,13:30,Bundesliga,Augsburg,Freiburg
18/01/2026,14:00,Serie A,Torino,Roma
18/01/2026,14:30,Pro League,Charleroi,Standard Liège
18/01/2026,15:15,Pro League,St. Truidense,OH Leuven
18/01/2026,16:00,La Liga,Real Madrid,Levante
18/01/2026,16:00,La Liga,Real Sociedad,Barcelona
18/01/2026,16:00,La Liga,Atl. Madrid,Alavés
18/01/2026,16:00,La Liga,Real Betis,Villarreal
18/01/2026,16:00,La Liga,Mallorca,Athletic Club
18/01/2026,16:00,La Liga,Espanyol,Girona
18/01/2026,16:00,La Liga,Elche,Sevilla
18/01/2026,16:00,La Liga,Getafe,Valencia
18/01/2026,16:00,La Liga,Celta,Rayo Vallecano
18/01/2026,16:00,La Liga,Osasuna,Real Oviedo
18/01/2026,16:45,Serie A,Milan,Lecce
18/01/2026,16:45,Ligue 1,Lyon,Brest
19/01/2026,14:30,Serie A,Cremonese,Verona
19/01/2026,16:45,Serie A,Lazio,Como
19/01/2026,17:00,Premier League,Brighton,Bournemouth
20/01/2026,16:45,Championship,Ipswich,Bristol City
20/01/2026,16:45,Championship,West Brom,Norwich
20/01/2026,16:45,Championship,Coventry,Millwall
20/01/2026,16:45,Championship,Preston,Hull
20/01/2026,16:45,Championship,Swansea,Blackburn
20/01/2026,16:45,Championship,Sheffield Wed,Birmingham
20/01/2026,16:45,Championship,Oxford Utd,QPR
20/01/2026,16:45,Championship,Charlton,Derby
20/01/2026,17:00,Championship,Wrexham,Leicester
21/01/2026,16:45,Championship,Southampton,Sheffield Utd
21/01/2026,16:45,Championship,Watford,Portsmouth
21/01/2026,17:00,Championship,Stoke,Middlesbrough
23/01/2026,14:30,Bundesliga 2,Darmstadt,PaNrtüidrnasberg Pesquisa Favoritos Perfil
23/01/2026,14:30,Bundesliga 2,Bielefeld,Kiel
23/01/2026,16:00,Ligue 1,Auxerre,PSG
23/01/2026,16:30,Bundesliga,St. Pauli,HSV
23/01/2026,16:45,Serie A,Inter,Pisa
23/01/2026,16:45,Pro League,Standard Liège,Gent
23/01/2026,17:00,Championship,Derby,West Brom
24/01/2026,09:00,Bundesliga 2,Karlsruhe,Hertha
24/01/2026,09:00,Bundesliga 2,Hannover,Fortuna
24/01/2026,09:00,Bundesliga 2,Fürth,Braunschweig
24/01/2026,09:30,Championship,Middlesbrough,Preston
24/01/2026,09:30,Championship,Millwall,Charlton
24/01/2026,09:30,Premier League,West Ham,Sunderland
24/01/2026,11:00,Serie A,Como,Torino
24/01/2026,11:30,Bundesliga,Bayern,Augsburg
24/01/2026,11:30,Bundesliga,Leverkusen,Bremen
24/01/2026,11:30,Bundesliga,Heidenheim,Leipzig
24/01/2026,11:30,Bundesliga,Frankfurt,Hoffenheim
24/01/2026,11:30,Bundesliga,Mainz 05,Wolfsburg
24/01/2026,12:00,Championship,Leicester,Oxford Utd
24/01/2026,12:00,Championship,Sheffield Utd,Ipswich
24/01/2026,12:00,Championship,QPR,Wrexham
24/01/2026,12:00,Championship,Blackburn,Watford
24/01/2026,12:00,Championship,Hull,Swansea
24/01/2026,12:00,Championship,Birmingham,Stoke
24/01/2026,12:00,Championship,Bristol City,Sheffield Wed
24/01/2026,12:00,Premier League,Man City,Wolves
24/01/2026,12:00,Premier League,Burnley,Tottenham
24/01/2026,12:00,Premier League,Fulham,Brighton
24/01/2026,12:00,Pro League,La Louvière,St. Truidense
24/01/2026,12:00,Scottish Premiership,Aberdeen,Livingston
24/01/2026,12:00,Scottish Premiership,Falkirk,Hibernian
24/01/2026,12:00,Scottish Premiership,Dundee Utd,St Mirren
24/01/2026,12:00,Scottish Premiership,Motherwell,Kilmarnock
24/01/2026,13:00,Ligue 1,Rennes,Lorient
24/01/2026,14:00,Serie A,Fiorentina,Cagliari
24/01/2026,14:15,Pro League,Club Brugge,Zulte Waregem
24/01/2026,14:30,Premier League,Bournemouth,Liverpool
24/01/2026,14:30,Bundesliga,Union Berlin,Dortmund
24/01/2026,15:00,Ligue 1,Le Havre,AS Monaco
24/01/2026,16:30,Bundesliga 2,Magdeburg,Dresden
24/01/2026,16:45,Serie A,Lecce,Lazio
24/01/2026,16:45,Pro League,OH Leuven,USG
24/01/2026,17:05,Ligue 1,Marseille,Lens
25/01/2026,08:30,Serie A,Sassuolo,Cremonese
25/01/2026,09:00,Championship,Portsmouth,Southampton
25/01/2026,09:30,Bundesliga 2,Elversberg,Bochum
25/01/2026,09:30,Bundesliga 2,Schalke,Kaiserslautern
25/01/2026,09:30,Bundesliga 2,Paderborn,Münster
25/01/2026,09:30,Pro League,Royal Antwerp,Charleroi
25/01/2026,11:00,Premier League,Crystal Palace,Chelsea
25/01/2026,11:00,Premier League,Newcastle,Aston Villa
25/01/2026,11:00,Premier League,Brentford,Forest
25/01/2026,11:00,Serie A,Atalanta,Parma
25/01/2026,11:00,Serie A,Genoa,Bologna
25/01/2026,11:00,Ligue 1,Nantes,Nice
25/01/2026,11:30,Bundesliga,M'gladbach,Stuttgart
25/01/2026,12:00,Pro League,Genk,Cercle Brugge
25/01/2026,12:00,Trendyol Süper Lig,Karagümrük,Galatasaray
25/01/2026,12:00,Trendyol Süper Lig,Fenerbahçe,Göztepe
25/01/2026,12:00,Trendyol Süper Lig,Eyüpspor,Beşiktaş
25/01/2026,12:00,Trendyol Süper Lig,Trabzonspor,Kasımpaşa
25/01/2026,12:00,Trendyol Süper Lig,Kayserispor,Başakşehir
25/01/2026,12:00,Trendyol Süper Lig,Gaziantep,Konyaspor
25/01/2026,12:00,Trendyol Süper Lig,Rizespor,Alanyaspor
25/01/2026,12:00,Trendyol Süper Lig,Samsunspor,Kocaelispor
25/01/2026,12:00,Trendyol Süper Lig,Antalyaspor,Gençlerbirliği
25/01/2026,12:00,Scottish Premiership,Hearts,Celtic
25/01/2026,12:00,Scottish Premiership,Rangers,Dundee
25/01/2026,13:15,Ligue 1,Metz,Lyon
25/01/2026,13:15,Ligue 1,Brest,Toulouse
25/01/2026,13:15,Ligue 1,Paris,Angers
25/01/2026,13:30,Premier League,Arsenal,Man Utd
25/01/2026,13:30,Bundesliga,Freiburg,Köln
25/01/2026,14:00,Serie A,Juventus,Napoli
25/01/2026,14:30,Pro League,Anderlecht,Dender
25/01/2026,15:15,Pro League,Mechelen,Westerlo
25/01/2026,16:00,La Liga,Villarreal,Real Madrid
25/01/2026,16:00,La Liga,Barcelona,Real Oviedo
25/01/2026,16:00,La Liga,Atl. Madrid,Mallorca
25/01/2026,16:00,La Liga,Sevilla,Athletic Club
25/01/2026,16:00,La Liga,Real Sociedad,Celta
25/01/2026,16:00,La Liga,Alavés,Real Betis
25/01/2026,16:00,La Liga,Girona,Getafe
25/01/2026,16:00,La Liga,Valencia,Espanyol
25/01/2026,16:00,La Liga,Rayo Vallecano,Osasuna
25/01/2026,16:00,La Liga,Levante,Elche
25/01/2026,16:45,Serie A,Roma,Milan
25/01/2026,16:45,Ligue 1,Lille,Strasbourg
26/01/2026,16:45,Serie A,Verona,Udinese
26/01/2026,17:00,Championship,Norwich,Coventry
26/01/2026,17:00,Premier League,Everton,Leeds
30/01/2026,16:45,Pro League,La Louvière,Gent
30/01/2026,16:45,Ligue 1,Lens,Le Havre
30/01/2026,17:00,Championship,Bristol City,Derby
31/01/2026,09:30,Championship,Leicester,Charlton
31/01/2026,09:30,Championship,Stoke,Southampton
31/01/2026,09:30,Championship,Sheffield Wed,Wrexham
31/01/2026,09:30,Bundesliga 2,Bochum,Schalke
31/01/2026,09:30,Bundesliga 2,Hertha,Darmstadt
31/01/2026,09:30,Bundesliga 2,Fortuna,Paderborn
31/01/2026,09:30,Bundesliga 2,Kiel,Fürth
31/01/2026,09:30,Bundesliga 2,Magdeburg,Hannover
31/01/2026,09:30,Bundesliga 2,Kaiserslautern,Elversberg
31/01/2026,09:30,Bundesliga 2,Braunschweig,Karlsruhe
31/01/2026,09:30,Bundesliga 2,Dresden,Bielefeld
31/01/2026,09:30,Bundesliga 2,Nürnberg,Münster
31/01/2026,11:30,Bundesliga,HSV,Bayern
31/01/2026,11:30,Bundesliga,Dortmund,Heidenheim
31/01/2026,11:30,Bundesliga,Frankfurt,Leverkusen
31/01/2026,11:30,Bundesliga,Leipzig,Mainz 05
31/01/2026,11:30,Bundesliga,Stuttgart,Freiburg
31/01/2026,11:30,Bundesliga,Hoffenheim Propaganda,Union Berlin
31/01/2026,11:30,Bundesliga,Bremen,M'gladbach
31/01/2026,11:30,Bundesliga,PaKrötildnas Pesquisa Favoritos Perfil,Wolfsburg
31/01/2026,11:30,Bundesliga,Augsburg,St. Pauli
31/01/2026,12:00,Championship,Millwall,Sheffield Utd
31/01/2026,12:00,Championship,Ipswich,Preston
31/01/2026,12:00,Championship,Middlesbrough,Norwich
31/01/2026,12:00,Championship,Watford,Swansea
31/01/2026,12:00,Championship,Blackburn,Hull
31/01/2026,12:00,Championship,QPR,Coventry
31/01/2026,12:00,Championship,Portsmouth,West Brom
31/01/2026,12:00,Championship,Oxford Utd,Birmingham
31/01/2026,12:00,Premier League,Leeds,Arsenal
31/01/2026,12:00,Premier League,Brighton,Everton
31/01/2026,12:00,Premier League,Wolves,Bournemouth
31/01/2026,12:00,Pro League,Cercle Brugge,Royal Antwerp
31/01/2026,12:00,Scottish Premiership,Kilmarnock,Aberdeen
31/01/2026,12:00,Scottish Premiership,Dundee Utd,Hearts
31/01/2026,12:00,Scottish Premiership,St Mirren,Dundee
31/01/2026,12:00,Scottish Premiership,Livingston,Motherwell
31/01/2026,13:00,Ligue 1,Paris,Marseille
31/01/2026,14:15,Pro League,Zulte Waregem,Westerlo
31/01/2026,14:30,Premier League,Chelsea,West Ham
31/01/2026,15:00,Ligue 1,Lorient,Nantes
31/01/2026,16:45,Pro League,St. Truidense,Charleroi
31/01/2026,17:00,Premier League,Liverpool,Newcastle
31/01/2026,17:05,Ligue 1,AS Monaco,Rennes
01/02/2026,09:30,Pro League,Standard Liège,Anderlecht
01/02/2026,11:00,Premier League,Man Utd,Fulham
01/02/2026,11:00,Premier League,Aston Villa,Brentford
01/02/2026,11:00,Premier League,Forest,Crystal Palace
01/02/2026,11:00,Serie A,Bologna,Milan
01/02/2026,11:00,Serie A,Cremonese,Inter
01/02/2026,11:00,Serie A,Parma,Juventus
01/02/2026,11:00,Serie A,Lazio,Genoa
01/02/2026,11:00,Serie A,Torino,Lecce
01/02/2026,11:00,Serie A,Cagliari,Verona
01/02/2026,11:00,Serie A,Pisa,Sassuolo
01/02/2026,11:00,Serie A,Pisa,Sassuolo
01/02/2026,11:00,Ligue 1,Lyon,Lille
01/02/2026,12:00,Pro League,Dender,Genk
01/02/2026,12:00,Trendyol Süper Lig,Galatasaray,Kayserispor
01/02/2026,12:00,Trendyol Süper Lig,Kocaelispor,Fenerbahçe
01/02/2026,12:00,Trendyol Süper Lig,Beşiktaş,Konyaspor
01/02/2026,12:00,Trendyol Süper Lig,Antalyaspor,Trabzonspor
01/02/2026,12:00,Trendyol Süper Lig,Başakşehir,Rizespor
01/02/2026,12:00,Trendyol Süper Lig,Kasımpaşa,Samsunspor
01/02/2026,12:00,Trendyol Süper Lig,Alanyaspor,Eyüpspor
01/02/2026,12:00,Trendyol Süper Lig,Göztepe,Karagümrük
01/02/2026,12:00,Trendyol Süper Lig,Gençlerbirliği,Gaziantep
01/02/2026,12:00,Scottish Premiership,Celtic,Falkirk
01/02/2026,12:00,Scottish Premiership,Hibernian,Rangers
01/02/2026,13:15,Ligue 1,Nice,Brest
01/02/2026,13:15,Ligue 1,Toulouse,Auxerre
01/02/2026,13:15,Ligue 1,Angers,Metz
01/02/2026,13:30,Premier League,Tottenham,Man City
01/02/2026,14:30,Pro League,USG,Club Brugge
01/02/2026,15:15,Pro League,OH Leuven,Mechelen
01/02/2026,16:00,La Liga,Real Madrid Propaganda,Rayo Vallecano
01/02/2026,16:00,La Liga,Elche,Barcelona
01/02/2026,16:00,La Liga,PaLretivdaanste Pesquisa Favoritos Perfil,Atl. Madrid
01/02/2026,16:00,La Liga,Athletic Club,Real Sociedad
01/02/2026,16:00,La Liga,Real Betis,Valencia
01/02/2026,16:00,La Liga,Mallorca,Sevilla
01/02/2026,16:00,La Liga,Osasuna,Villarreal
01/02/2026,16:00,La Liga,Real Oviedo,Girona
01/02/2026,16:00,La Liga,Getafe,Celta
01/02/2026,16:00,La Liga,Getafe,Celta
01/02/2026,16:00,La Liga,Espanyol,Alavés
01/02/2026,16:45,Ligue 1,Strasbourg,PSG
02/02/2026,17:00,Premier League,Sunderland,Burnley
04/02/2026,16:45,Scottish Premiership,Aberdeen,Celtic
04/02/2026,16:45,Scottish Premiership,Rangers,Kilmarnock
04/02/2026,16:45,Scottish Premiership,St Mirren,Hearts
04/02/2026,16:45,Scottish Premiership,Hibernian,Dundee Utd
04/02/2026,16:45,Scottish Premiership,Dundee,Motherwell
04/02/2026,16:45,Scottish Premiership,Livingston,Falkirk
06/02/2026,16:45,Pro League,Westerlo,St. Truidense
06/02/2026,17:00,Championship,Charlton,QPR
07/02/2026,09:30,Championship,Southampton,Watford
07/02/2026,09:30,Championship,Derby,Ipswich
07/02/2026,09:30,Championship,Norwich,Blackburn
07/02/2026,09:30,Bundesliga 2,Schalke,Dresden
07/02/2026,09:30,Bundesliga 2,Münster,Bochum
07/02/2026,09:30,Bundesliga 2,Hannover,Kiel
07/02/2026,09:30,Bundesliga 2,Darmstadt,Kaiserslautern
07/02/2026,09:30,Bundesliga 2,Elversberg,Hertha
07/02/2026,09:30,Bundesliga 2,Karlsruhe,Fortuna
07/02/2026,09:30,Bundesliga 2,Paderborn,Nürnberg
07/02/2026,09:30,Bundesliga 2,Fürth,Magdeburg
07/02/2026,09:30,Bundesliga 2,Bielefeld,Braunschweig
07/02/2026,11:30,Bundesliga,Bayern,Hoffenheim
07/02/2026,11:30,Bundesliga,Wolfsburg,Dortmund
07/02/2026,11:30,Bundesliga,M'gladbach,Leverkusen
07/02/2026,11:30,Bundesliga,Köln,Leipzig
07/02/2026,11:30,Bundesliga,Union Berlin,Frankfurt
07/02/2026,11:30,Bundesliga,Union Berlin,Frankfurt
07/02/2026,11:30,Bundesliga,St. Pauli,Stuttgart
07/02/2026,11:30,Bundesliga,Freiburg,Bremen
07/02/2026,11:30,Bundesliga,Mainz 05,Augsburg
07/02/2026,11:30,Bundesliga,Heidenheim,HSV
07/02/2026,12:00,Championship,Birmingham,Leicester
07/02/2026,12:00,Championship,Wrexham,Millwall
07/02/2026,12:00,Championship,Hull,Bristol City
07/02/2026,12:00,Championship,Coventry,Oxford Utd
07/02/2026,12:00,Championship,West Brom,Stoke
07/02/2026,12:00,Championship,Preston,Portsmouth
07/02/2026,12:00,Premier League,Arsenal,Sunderland
07/02/2026,12:00,Premier League,Newcastle,Brentford
07/02/2026,12:00,Premier League,Bournemouth,Aston Villa
07/02/2026,12:00,Premier League,Brighton,Crystal Palace
07/02/2026,12:00,Premier League,Fulham,Everton
07/02/2026,12:00,Premier League,Burnley,West Ham
07/02/2026,12:00,Premier League,Leeds,Forest
07/02/2026,12:00,Pro League,Zulte Waregem,Dender
07/02/2026,14:15,Pro League,Charleroi,Cercle Brugge
07/02/2026,16:45,Pro League,Gent,OH Leuven
08/02/2026,09:00,Championship,Swansea,Sheffield Wed
08/02/2026,09:30,Pro League,Genk,Anderlecht
08/02/2026,11:00,Serie A,Juventus,Lazio
08/02/2026,11:00,Serie A,Juventus,Lazio
08/02/2026,11:00,Serie A,Sassuolo,Inter
08/02/2026,11:00,Serie A,Milan,Como
08/02/2026,11:00,Serie A,Genoa,Napoli
08/02/2026,11:00,Serie A,Roma,Cagliari
08/02/2026,11:00,Serie A,Atalanta,Cremonese
08/02/2026,11:00,Serie A,Fiorentina,Torino
08/02/2026,11:00,Serie A,Bologna,Parma
08/02/2026,11:00,Serie A,Lecce,Udinese
08/02/2026,11:00,Serie A,Verona,Pisa Baixe o aplicativo
08/02/2026,11:00,Ligue 1,PSG,Marseille
08/02/2026,11:00,Ligue 1,Nice,AS Monaco
08/02/2026,11:00,Ligue 1,Nantes,Lyon
08/02/2026,11:00,Ligue 1,Metz,Lille
08/02/2026,11:00,Ligue 1,Lens,Rennes
08/02/2026,11:00,Ligue 1,Brest,Lorient
08/02/2026,11:00,Ligue 1,Le Havre,Strasbourg
08/02/2026,11:00,Ligue 1,Angers,Toulouse
08/02/2026,11:00,Ligue 1,Auxerre,Paris
08/02/2026,12:00,Pro League,USG,La Louvière
08/02/2026,12:00,Trendyol Süper Lig,Rizespor,Galatasaray
08/02/2026,12:00,Trendyol Süper Lig,Fenerbahçe,Gençlerbirliği
08/02/2026,12:00,Trendyol Süper Lig,Beşiktaş,Alanyaspor
08/02/2026,12:00,Trendyol Süper Lig,Samsunspor,Trabzonspor
08/02/2026,12:00,Trendyol Süper Lig,Eyüpspor,Başakşehir
08/02/2026,12:00,Trendyol Süper Lig,Konyaspor,Göztepe
08/02/2026,12:00,Trendyol Süper Lig,Gaziantep,Kasımpaşa
08/02/2026,12:00,Trendyol Süper Lig,Karagümrük,Antalyaspor
08/02/2026,12:00,Trendyol Süper Lig,Kayserispor,Kocaelispor
08/02/2026,14:30,Pro League,Club Brugge,Standard Liège
08/02/2026,15:15,Pro League,Mechelen,Royal Antwerp
08/02/2026,16:00,La Liga,Valencia,Real Madrid
08/02/2026,16:00,La Liga,Barcelona,Mallorca
08/02/2026,16:00,La Liga,Atl. Madrid,Real Betis
08/02/2026,16:00,La Liga,Sevilla,Girona
08/02/2026,16:00,La Liga,Athletic Club,Levante
08/02/2026,16:00,La Liga,Villarreal,Espanyol
08/02/2026,16:00,La Liga,Real Sociedad,Elche
08/02/2026,16:00,La Liga,Celta,Osasuna
08/02/2026,16:00,La Liga,Alavés,Getafe
08/02/2026,16:00,La Liga,Rayo Vallecano,Real Oviedo
09/02/2026,17:00,Championship,Sheffield Utd,Middlesbrough
11/02/2026,16:45,Scottish Premiership,Celtic,Livingston
11/02/2026,16:45,Scottish Premiership,Motherwell,Rangers
11/02/2026,16:45,Scottish Premiership,Dundee Utd,Aberdeen
11/02/2026,16:45,Scottish Premiership,Hearts,Hibernian
11/02/2026,16:45,Scottish Premiership,Falkirk,Dundee
11/02/2026,16:45,Scottish Premiership,Kilmarnock,St Mirren
11/02/2026,17:00,Premier League,Man City,Fulham
11/02/2026,17:00,Premier League,West Ham,Man Utd
11/02/2026,17:00,Premier League,Brentford,Arsenal
11/02/2026,17:00,Premier League,Sunderland,Liverpool
11/02/2026,17:00,Premier League,Chelsea,Leeds
11/02/2026,17:00,Premier League,Tottenham,Newcastle
11/02/2026,17:00,Premier League,Aston Villa,Brighton
11/02/2026,17:00,Premier League,Forest,Wolves
11/02/2026,17:00,Premier League,Everton,Bournemouth
11/02/2026,17:00,Premier League,Crystal Palace,Burnley
13/02/2026,16:45,Pro League,Mechelen,Genk
13/02/2026,17:00,Championship,Bristol City,Wrexham
14/02/2026,09:30,Championship,Oxford Utd,Norwich
14/02/2026,09:30,Championship,Birmingham,West Brom
14/02/2026,09:30,Championship,Charlton,Stoke
14/02/2026,09:30,Bundesliga 2,Kiel,Schalke
14/02/2026,09:30,Bundesliga 2,Bochum,Paderborn
14/02/2026,09:30,Bundesliga 2,Hertha,Hannover
14/02/2026,09:30,Bundesliga 2,Braunschweig,Darmstadt
14/02/2026,09:30,Bundesliga 2,Fortuna,Münster
14/02/2026,09:30,Bundesliga 2,Nürnberg,Karlsruhe
14/02/2026,09:30,Bundesliga 2,Kaiserslautern,Fürth
14/02/2026,09:30,Bundesliga 2,Magdeburg,Bielefeld
14/02/2026,09:30,Bundesliga 2,Dresden,Elversberg
14/02/2026,11:30,Bundesliga,Bremen,Bayern
14/02/2026,11:30,Bundesliga,Dortmund,Mainz 05
14/02/2026,11:30,Bundesliga,Leverkusen,St. Pauli
14/02/2026,11:30,Bundesliga,Leipzig,Wolfsburg
14/02/2026,11:30,Bundesliga,Frankfurt,M'gladbach
14/02/2026,11:30,Bundesliga,Stuttgart,Köln
14/02/2026,11:30,Bundesliga,HSV,Union Berlin
14/02/2026,11:30,Bundesliga,Hoffenheim,Freiburg
14/02/2026,11:30,Bundesliga,Augsburg Baixe o aplicativo,Heidenheim
14/02/2026,12:00,Championship,Leicester,Southampton
14/02/2026,12:00,Championship,Ipswich,Hull
14/02/2026,12:00,Championship,Portsmouth,Sheffield Utd
14/02/2026,12:00,Championship,Preston,Watford
14/02/2026,12:00,Championship,QPR,Blackburn
14/02/2026,12:00,Championship,Derby,Swansea
14/02/2026,12:00,Championship,Sheffield Wed,Millwall
14/02/2026,12:00,Pro League,OH Leuven,Dender
14/02/2026,12:00,Scottish Premiership,Kilmarnock,Celtic
14/02/2026,12:00,Scottish Premiership,Rangers,Hearts
14/02/2026,12:00,Scottish Premiership,Motherwell,Aberdeen
14/02/2026,12:00,Scottish Premiership,Hibernian Baixe o aplicativo,St Mirren
14/02/2026,14:15,Pro League,Charleroi,Gent
14/02/2026,16:45,Pro League,Standard Liège,USG
15/02/2026,09:30,Pro League,Cercle Brugge,Club Brugge
15/02/2026,11:00,Serie A,Lazio,Atalanta
15/02/2026,11:00,Serie A,Como,Fiorentina
15/02/2026,11:00,Serie A,Torino,Bologna
15/02/2026,11:00,Serie A,Udinese,Sassuolo
15/02/2026,11:00,Serie A,Cagliari,Lecce
15/02/2026,11:00,Serie A,Parma,Verona
15/02/2026,11:00,Serie A,Cremonese,Genoa
15/02/2026,11:00,Ligue 1,Marseille,Strasbourg
15/02/2026,11:00,Ligue 1,Lyon,Nice
15/02/2026,11:00,Ligue 1,AS Monaco,Nantes
15/02/2026,11:00,Ligue 1,Lille,Brest
15/02/2026,11:00,Ligue 1,Paris,Lens
15/02/2026,11:00,Ligue 1,Le Havre Propaganda,Toulouse
15/02/2026,11:00,Ligue 1,Lorient,Angers
15/02/2026,11:00,Ligue 1,PaMrteidtazs Pesquisa Favoritos Perfil,Auxerre
15/02/2026,12:00,Pro League,Royal Antwerp,Westerlo
15/02/2026,12:00,Trendyol Süper Lig,Galatasaray,Eyüpspor
15/02/2026,12:00,Trendyol Süper Lig,Trabzonspor,Fenerbahçe
15/02/2026,12:00,Trendyol Süper Lig,Başakşehir,Beşiktaş
15/02/2026,12:00,Trendyol Süper Lig,Antalyaspor,Samsunspor
15/02/2026,12:00,Trendyol Süper Lig,Alanyaspor,Konyaspor
15/02/2026,12:00,Trendyol Süper Lig,Göztepe,Kayserispor
15/02/2026,12:00,Trendyol Süper Lig,Kasımpaşa,Karagümrük
15/02/2026,12:00,Trendyol Süper Lig,Kocaelispor,Gaziantep
15/02/2026,12:00,Trendyol Süper Lig,Gençlerbirliği,Rizespor
15/02/2026,14:30,Pro League,Anderlecht,La Louvière
15/02/2026,15:15,Pro League,St. Truidense,Zulte Waregem
15/02/2026,16:00,La Liga,Real Madrid,Real Sociedad
15/02/2026,16:00,La Liga,Girona,Barcelona
15/02/2026,16:00,La Liga,Rayo Vallecano,Atl. Madrid
15/02/2026,16:00,La Liga,Mallorca,Real Betis
15/02/2026,16:00,La Liga,Sevilla,Alavés
15/02/2026,16:00,La Liga,Espanyol,Celta
15/02/2026,16:00,La Liga,Elche,Osasuna
16/02/2026,17:00,Championship,Coventry,Middlesbrough
16/02/2026,17:00,Ligue 1,Rennes,PSG
20/02/2026,16:45,Pro League,Gent,Cercle Brugge
20/02/2026,17:00,Championship,Blackburn,Preston
21/02/2026,09:30,Championship,Stoke,Leicester
21/02/2026,09:30,Championship,West Brom,Coventry
21/02/2026,09:30,Championship,Hull,QPR
21/02/2026,09:30,Championship,Swansea,Bristol City
21/02/2026,09:30,Bundesliga 2,Bochum,Nürnberg
21/02/2026,09:30,Bundesliga 2,Schalke,Magdeburg
21/02/2026,09:30,Bundesliga 2,Darmstadt,Fortuna
21/02/2026,09:30,Bundesliga 2,Paderborn,Hertha
21/02/2026,09:30,Bundesliga 2,Karlsruhe,Kiel
21/02/2026,09:30,Bundesliga 2,Hannover,Dresden
21/02/2026,09:30,Bundesliga 2,Fürth,Bielefeld
21/02/2026,09:30,Bundesliga 2,Münster,Kaiserslautern
21/02/2026,09:30,Bundesliga 2,Elversberg,Braunschweig
21/02/2026,11:30,Bundesliga,Heidenheim,Stuttgart
21/02/2026,11:30,Bundesliga,Freiburg,M'gladbach
21/02/2026,11:30,Bundesliga,Wolfsburg,Augsburg
21/02/2026,11:30,Bundesliga,Köln,Hoffenheim
21/02/2026,11:30,Bundesliga,St. Pauli,Bremen
21/02/2026,12:00,Championship,Wrexham,Ipswich
21/02/2026,12:00,Championship,Southampton,Charlton
21/02/2026,12:00,Championship,Norwich,Birmingham
21/02/2026,12:00,Championship,Watford,Derby
21/02/2026,12:00,Championship,Middlesbrough,Oxford Utd
21/02/2026,12:00,Championship,Millwall,Portsmouth
21/02/2026,12:00,Premier League,Man City,Newcastle
21/02/2026,12:00,Premier League,Tottenham,Arsenal
21/02/2026,12:00,Premier League,Everton,Man Utd
21/02/2026,12:00,Premier League,Forest,Liverpool
21/02/2026,12:00,Premier League,Chelsea,Burnley
21/02/2026,12:00,Premier League,Aston Villa,Leeds
21/02/2026,12:00,Premier League,Brentford,Brighton
21/02/2026,12:00,Premier League,West Ham,Bournemouth
21/02/2026,12:00,Premier League,Crystal Palace,Wolves
21/02/2026,12:00,Premier League,Sunderland,Fulham
21/02/2026,12:00,Pro League,Dender,St. Truidense
21/02/2026,12:00,Scottish Premiership,Livingston,Rangers
21/02/2026,12:00,Scottish Premiership,Aberdeen,Dundee
21/02/2026,12:00,Scottish Premiership,Hearts,Falkirk
21/02/2026,12:00,Scottish Premiership,Dundee Utd,Kilmarnock
21/02/2026,12:00,Scottish Premiership,St Mirren,Motherwell
21/02/2026,14:15,Pro League,Club Brugge,OH Leuven
21/02/2026,16:45,Pro League,USG,Royal Antwerp
22/02/2026,09:00,Championship,Sheffield Utd Propaganda,Sheffield Wed
22/02/2026,09:30,Pro League,Genk,Standard Liège
22/02/2026,11:00,Serie A,Lecce,Inter
22/02/2026,11:00,Serie A,Atalanta,Napoli
22/02/2026,11:00,Serie A,Milan,Parma
22/02/2026,11:00,Serie A,Juventus,Como
22/02/2026,11:00,Serie A,Roma,Cremonese
22/02/2026,11:00,Serie A,Cagliari,Lazio
22/02/2026,11:00,Serie A,Fiorentina,Pisa
22/02/2026,11:00,Serie A,Bologna,Udinese
22/02/2026,11:00,Serie A,Genoa,Torino
22/02/2026,11:00,Ligue 1,PSG,Metz
22/02/2026,11:00,Ligue 1,Brest,Marseille
22/02/2026,11:00,Ligue 1,Lens,AS Monaco
22/02/2026,11:00,Ligue 1,Strasbourg,Lyon
22/02/2026,11:00,Ligue 1,Angers,Lille
22/02/2026,11:00,Ligue 1,Brest,Marseille
22/02/2026,11:00,Ligue 1,Lens,AS Monaco
22/02/2026,11:00,Ligue 1,Strasbourg,Lyon
22/02/2026,11:00,Ligue 1,Angers,Lille
22/02/2026,11:00,Ligue 1,Nice,Lorient
22/02/2026,11:00,Ligue 1,Auxerre,Rennes
22/02/2026,11:00,Ligue 1,Nantes,Le Havre
22/02/2026,11:00,Ligue 1,Toulouse,Paris
22/02/2026,12:00,Pro League,La Louvière,Mechelen
22/02/2026,12:00,Trendyol Süper Lig,Konyaspor,Galatasaray
22/02/2026,12:00,Trendyol Süper Lig,Fenerbahçe,Kasımpaşa
22/02/2026,12:00,Trendyol Süper Lig,Konyaspor,Galatasaray
22/02/2026,12:00,Trendyol Süper Lig,Fenerbahçe,Kasımpaşa
22/02/2026,12:00,Trendyol Süper Lig,Beşiktaş,Göztepe
22/02/2026,12:00,Trendyol Süper Lig,Gaziantep,Trabzonspor
22/02/2026,12:00,Trendyol Süper Lig,Alanyaspor,Başakşehir
22/02/2026,12:00,Trendyol Süper Lig,Kayserispor,Antalyaspor
22/02/2026,12:00,Trendyol Süper Lig,Karagümrük,Samsunspor
22/02/2026,12:00,Trendyol Süper Lig,Rizespor,Kocaelispor
22/02/2026,12:00,Trendyol Süper Lig,Eyüpspor,Gençlerbirliği
22/02/2026,14:30,Pro League,Zulte Waregem,Anderlecht
22/02/2026,15:15,Pro League,Westerlo,Charleroi
22/02/2026,16:00,La Liga,Real Betis,Rayo Vallecano
22/02/2026,16:00,La Liga,Villarreal,Valencia
22/02/2026,16:00,La Liga,Getafe,Sevilla
22/02/2026,16:00,La Liga,Alavés,Girona
22/02/2026,16:00,La Liga,Athletic Club,Elche
24/02/2026,16:45,Championship,Middlesbrough,Leicester
24/02/2026,16:45,Championship,PaWrtaidtafsord Pesquisa Favoritos Perfil,Ipswich
24/02/2026,16:45,Championship,Wrexham,Portsmouth
24/02/2026,16:45,Championship,Hull,Derby
24/02/2026,16:45,Championship,Blackburn,Bristol City
24/02/2026,16:45,Championship,West Brom,Charlton
24/02/2026,16:45,Championship,Swansea,Preston
24/02/2026,17:00,Championship,Southampton,QPR
25/02/2026,16:45,Championship,Sheffield Utd,Coventry
25/02/2026,16:45,Championship,Norwich,Sheffield Wed
25/02/2026,16:45,Championship,Millwall,Birmingham
25/02/2026,17:00,Championship,Stoke,Oxford Utd
27/02/2026,16:45,Pro League,Standard Liège,La Louvière
27/02/2026,17:00,Championship,Bristol City,Watford
28/02/2026,09:30,Championship,Leicester,Norwich
28/02/2026,09:30,Championship,Derby,Blackburn
28/02/2026,09:30,Championship,Portsmouth,Hull
28/02/2026,09:30,Bundesliga 2,Fortuna,Bochum
28/02/2026,09:30,Bundesliga 2,Fürth,Schalke
28/02/2026,09:30,Bundesliga 2,Hertha,Nürnberg
28/02/2026,09:30,Bundesliga 2,Dresden,Darmstadt
28/02/2026,09:30,Bundesliga 2,Kiel,Elversberg
28/02/2026,09:30,Bundesliga 2,Kaiserslautern,Paderborn
28/02/2026,09:30,Bundesliga 2,Bielefeld,Hannover
28/02/2026,09:30,Bundesliga 2,Magdeburg,Karlsruhe
28/02/2026,09:30,Bundesliga 2,Braunschweig,Münster
28/02/2026,11:30,Bundesliga,HSV,Leipzig
28/02/2026,11:30,Bundesliga,Frankfurt,Freiburg
28/02/2026,11:30,Bundesliga,Stuttgart,Wolfsburg
28/02/2026,11:30,Bundesliga,M'gladbach,Union Berlin
28/02/2026,11:30,Bundesliga,Hoffenheim,St. Pauli
28/02/2026,12:00,Championship,Sheffield Wed,Southampton
28/02/2026,12:00,Championship,QPR,Sheffield Utd
28/02/2026,12:00,Championship,Ipswich,Swansea
28/02/2026,12:00,Championship,Charlton,Wrexham
28/02/2026,12:00,Championship,Coventry,Stoke
28/02/2026,12:00,Championship,Oxford Utd,West Brom
28/02/2026,12:00,Championship,Preston,Millwall
28/02/2026,12:00,Premier League,Arsenal,Chelsea
28/02/2026,12:00,Premier League,Liverpool,West Ham
28/02/2026,12:00,Premier League,Leeds,Man City
28/02/2026,12:00,Premier League,Man Utd,Crystal Palace
28/02/2026,12:00,Premier League,Fulham,Tottenham
28/02/2026,12:00,Premier League,Newcastle,Everton
28/02/2026,12:00,Premier League,Wolves,Aston Villa
28/02/2026,12:00,Premier League,Brighton,Forest
28/02/2026,12:00,Premier League,Burnley,Brentford
28/02/2026,12:00,Premier League,Bournemouth,Sunderland
28/02/2026,12:00,Pro League,Mechelen,Zulte Waregem
28/02/2026,12:00,Scottish Premiership,Hearts,Aberdeen
28/02/2026,12:00,Scottish Premiership,Dundee,Hibernian
28/02/2026,12:00,Scottish Premiership,Motherwell,Dundee Utd
28/02/2026,12:00,Scottish Premiership,Livingston,St Mirren
28/02/2026,12:00,Scottish Premiership,Falkirk,Kilmarnock
28/02/2026,14:15,Pro League,Royal Antwerp,St. Truidense
28/02/2026,16:45,Pro League,Anderlecht,OH Leuven
28/02/2026,20:00,Ligue 1,Le Havre,PSG
28/02/2026,20:00,Ligue 1,Strasbourg,Lens
01/03/2026,09:00,Scottish Premiership,Rangers,Celtic
01/03/2026,09:30,Pro League,Genk,Gent
01/03/2026,11:00,Ligue 1,Marseille,Lyon
01/03/2026,11:00,Ligue 1,AS Monaco,Angers
01/03/2026,11:00,Ligue 1,Lille,Nantes
01/03/2026,11:00,Ligue 1,Rennes Baixe o aplicativo,Toulouse
01/03/2026,12:00,Pro League,Westerlo,USG
01/03/2026,12:00,Trendyol Süper Lig,Galatasaray,Alanyaspor
01/03/2026,12:00,Trendyol Süper Lig,Antalyaspor,Fenerbahçe
01/03/2026,12:00,Trendyol Süper Lig,Kocaelispor,Beşiktaş
01/03/2026,12:00,Trendyol Süper Lig,Trabzonspor,Karagümrük
01/03/2026,12:00,Trendyol Süper Lig,Başakşehir,Konyaspor
01/03/2026,12:00,Trendyol Süper Lig,Göztepe,Eyüpspor
01/03/2026,12:00,Trendyol Süper Lig,Samsunspor,Gaziantep
01/03/2026,12:00,Trendyol Süper Lig,Kasımpaşa,Rizespor
01/03/2026,12:00,Trendyol Süper Lig,Gençlerbirliği,Kayserispor
01/03/2026,14:30,Pro League,Charleroi,Club Brugge
01/03/2026,15:15,Pro League,Cercle Brugge,Dender
02/03/2026,17:00,Championship,Birmingham,Middlesbrough
04/03/2026,17:00,Premier League,Newcastle,Man Utd
04/03/2026,17:00,Premier League,Man City,Forest
04/03/2026,17:00,Premier League,Aston Villa,Chelsea Baixe o aplicativo
04/03/2026,17:00,Premier League,Fulham,West Ham
04/03/2026,17:00,Premier League,Bournemouth,Brentford
04/03/2026,17:00,Premier League,Everton,Burnley
04/03/2026,17:00,Premier League,Leeds,Sunderland
06/03/2026,16:45,Pro League,La Louvière,Royal Antwerp
07/03/2026,09:30,Bundesliga 2,Bochum,Kaiserslautern
07/03/2026,09:30,Bundesliga 2,Schalke,Bielefeld
07/03/2026,09:30,Bundesliga 2,Darmstadt,Kiel
07/03/2026,09:30,Bundesliga 2,Nürnberg,Fortuna
07/03/2026,09:30,Bundesliga 2,Münster,Hertha
07/03/2026,09:30,Bundesliga 2,Hannover,Fürth
07/03/2026,09:30,Bundesliga 2,Paderborn,Braunschweig
07/03/2026,09:30,Bundesliga 2,Karlsruhe,Dresden
07/03/2026,09:30,Bundesliga 2,Elversberg,Magdeburg
07/03/2026,12:00,Championship,Ipswich,Leicester
07/03/2026,12:00,Championship,Southampton,Norwich
07/03/2026,12:00,Championship,Sheffield Utd,West Brom
07/03/2026,12:00,Championship,Watford,Wrexham
07/03/2026,12:00,Championship,Bristol City,Coventry
07/03/2026,12:00,Championship,QPR Propaganda,Middlesbrough
07/03/2026,12:00,Championship,PaBrtlaidcaksburn Pesquisa Favoritos Perfil,Portsmouth
07/03/2026,12:00,Championship,Derby,Sheffield Wed
07/03/2026,12:00,Championship,Swansea,Stoke
07/03/2026,12:00,Pro League,OH Leuven,Westerlo
07/03/2026,14:15,Pro League,Dender,Charleroi
07/03/2026,16:45,Pro League,USG,Genk
08/03/2026,09:30,Pro League,Club Brugge,Anderlecht
08/03/2026,11:00,Ligue 1,PSG,AS Monaco
08/03/2026,11:00,Ligue 1,Toulouse,Marseille
08/03/2026,11:00,Ligue 1,Lyon,Paris
08/03/2026,11:00,Ligue 1,Lille,Lorient
08/03/2026,11:00,Ligue 1,Nice,Rennes
08/03/2026,11:00,Ligue 1,Auxerre,Strasbourg
08/03/2026,12:00,Pro League,Gent,Mechelen
08/03/2026,12:00,Trendyol Süper Lig,Beşiktaş,Galatasaray
08/03/2026,12:00,Trendyol Süper Lig,Fenerbahçe,Samsunspor
08/03/2026,12:00,Trendyol Süper Lig,Gaziantep,Karagümrük
08/03/2026,12:00,Trendyol Süper Lig,Eyüpspor,Kocaelispor
08/03/2026,12:00,Trendyol Süper Lig,Alanyaspor,Gençlerbirliği
08/03/2026,14:30,Pro League,Zulte Waregem,Standard Liège
08/03/2026,15:15,Pro League,St. Truidense,Cercle Brugge
13/03/2026,16:45,Pro League,Gent,Zulte Waregem
14/03/2026,09:30,Bundesliga 2,Hertha,Bochum
14/03/2026,09:30,Bundesliga 2,Schalke,Hannover
14/03/2026,09:30,Bundesliga 2,Kiel,Nürnberg
14/03/2026,09:30,Bundesliga 2,Magdeburg,Darmstadt
14/03/2026,09:30,Bundesliga 2,Braunschweig,Fortuna
14/03/2026,09:30,Bundesliga 2,Kaiserslautern,Karlsruhe
14/03/2026,09:30,Bundesliga 2,Bielefeld,Paderborn
14/03/2026,09:30,Bundesliga 2,Fürth,Elversberg
14/03/2026,09:30,Bundesliga 2,Dresden,Münster
14/03/2026,12:00,Premier League,Liverpool,Tottenham
14/03/2026,12:00,Premier League,Man Utd,Aston Villa
14/03/2026,12:00,Premier League,West Ham,Man City
14/03/2026,12:00,Premier League,Chelsea,Newcastle
14/03/2026,12:00,Premier League,Arsenal,Everton
14/03/2026,12:00,Premier League,Forest,Fulham
14/03/2026,12:00,Premier League,Brentford,Wolves
14/03/2026,12:00,Premier League,Crystal Palace,Leeds
14/03/2026,12:00,Premier League,Sunderland,Brighton
14/03/2026,12:00,Premier League,Burnley,Bournemouth
14/03/2026,12:00,Pro League,Cercle Brugge,La Louvière
14/03/2026,12:00,Scottish Premiership,Celtic,Motherwell
14/03/2026,12:00,Scottish Premiership,St Mirren,Rangers
14/03/2026,12:00,Scottish Premiership,Aberdeen,Falkirk
14/03/2026,12:00,Scottish Premiership,Kilmarnock,Hearts
14/03/2026,12:00,Scottish Premiership,Hibernian,Livingston
14/03/2026,12:00,Scottish Premiership,Dundee,Dundee Utd
14/03/2026,14:15,Pro League,USG,Dender
14/03/2026,16:45,Pro League,Westerlo,Club Brugge
15/03/2026,09:30,Pro League,Genk,St. Truidense
15/03/2026,11:00,Ligue 1,PSG,Nantes
15/03/2026,11:00,Ligue 1,AS Monaco,Brest
15/03/2026,11:00,Ligue 1,Marseille,Auxerre
15/03/2026,11:00,Ligue 1,Rennes,Lille
15/03/2026,12:00,Pro League,Royal Antwerp,Standard Liège
15/03/2026,12:00,Trendyol Süper Lig,Galatasaray,Başakşehir
15/03/2026,12:00,Trendyol Süper Lig,Karagümrük,Fenerbahçe
15/03/2026,12:00,Trendyol Süper Lig,Gençlerbirliği,Beşiktaş
15/03/2026,14:30,Pro League,Mechelen,Anderlecht
15/03/2026,15:15,Pro League,Charleroi,OH Leuven
21/03/2026,09:30,Bundesliga 2,Bochum,Kiel
21/03/2026,09:30,Bundesliga 2,Darmstadt,Schalke
21/03/2026,09:30,Bundesliga 2,Fortuna,Hertha
21/03/2026,09:30,Bundesliga 2,Nürnberg,Kaiserslautern
21/03/2026,09:30,Bundesliga 2,Paderborn,Dresden
21/03/2026,09:30,Bundesliga 2,Hannover,Braunschweig
21/03/2026,09:30,Bundesliga 2,Karlsruhe,Fürth
21/03/2026,09:30,Bundesliga 2,Elversberg,Bielefeld Baixe o aplicativo
21/03/2026,12:00,Premier League,Man City,Crystal Palace
21/03/2026,12:00,Premier League,Brighton,Liverpool
21/03/2026,12:00,Premier League,Bournemouth,Man Utd
21/03/2026,12:00,Premier League,Wolves,Arsenal
21/03/2026,12:00,Premier League,Everton,Chelsea
21/03/2026,12:00,Premier League,Tottenham,Forest
21/03/2026,12:00,Premier League,Aston Villa,West Ham
21/03/2026,12:00,Premier League,Newcastle,Sunderland
21/03/2026,12:00,Scottish Premiership,Dundee Utd,Celtic
21/03/2026,12:00,Scottish Premiership,Rangers,Aberdeen
21/03/2026,12:00,Scottish Premiership,Hearts,Dundee
21/03/2026,12:00,Scottish Premiership,Motherwell,Hibernian
21/03/2026,12:00,Scottish Premiership,Kilmarnock,Livingston
22/03/2026,14:30,Pro League,Club Brugge,Mechelen
22/03/2026,14:30,Pro League,St. Truidense,USG
22/03/2026,14:30,Pro League,Anderlecht,Cercle Brugge
22/03/2026,14:30,Pro League,La Louvière,Genk
22/03/2026,14:30,Pro League,OH Leuven,Royal Antwerp
22/03/2026,14:30,Pro League,Dender,Gent
22/03/2026,14:30,Pro League,Standard Liège,Westerlo
22/03/2026,14:30,Pro League,Zulte Waregem,Charleroi
04/04/2026,08:30,Bundesliga 2,Dresden,Hertha
04/04/2026,08:30,Bundesliga 2,Bielefeld,Darmstadt
04/04/2026,08:30,Bundesliga 2,Kaiserslautern,Fortuna
04/04/2026,08:30,Bundesliga 2,Kiel,Münster
04/04/2026,08:30,Bundesliga 2,Hannover,Elversberg
04/04/2026,08:30,Bundesliga 2,Fürth,Paderborn
04/04/2026,08:30,Bundesliga 2,Braunschweig,Nürnberg
11/04/2026,08:30,Bundesliga 2,Bochum,Braunschweig
11/04/2026,08:30,Bundesliga 2,Elversberg,Schalke
11/04/2026,08:30,Bundesliga 2,Fortuna,Kiel
11/04/2026,08:30,Bundesliga 2,Darmstadt,Hannover
11/04/2026,08:30,Bundesliga 2,Hertha,Kaiserslautern
11/04/2026,08:30,Bundesliga 2,Paderborn,Magdeburg
11/04/2026,08:30,Bundesliga 2,Nürnberg,Dresden
11/04/2026,08:30,Bundesliga 2,Karlsruhe,Bielefeld
11/04/2026,08:30,Bundesliga 2,Münster,Fürth
